attendance,past_leaves,duration,leave_type,past_rejections,approved
100,3,1,emergency,2,1
66,2,5,personal,0,0
92,0,5,medical,5,1
74,14,5,personal,0,0
87,10,3,medical,1,1
65,12,1,personal,2,0
89,3,4,medical,4,1
83,6,6,medical,0,1
65,7,7,medical,3,0
83,5,3,personal,1,1
64,5,5,emergency,1,0
100,7,6,personal,0,1
80,12,3,medical,1,0
80,6,6,personal,3,0
69,8,2,medical,5,0
97,13,5,personal,2,1
92,15,1,medical,0,1
87,2,4,personal,4,0
95,0,6,emergency,0,1
77,10,1,personal,3,1
76,5,5,medical,5,0
98,6,2,personal,1,1
93,0,5,personal,3,1
79,7,1,medical,4,1
91,2,7,emergency,1,1
95,5,3,emergency,4,1
94,6,6,personal,3,0
88,14,1,medical,1,1
95,7,5,medical,0,1
74,2,1,personal,0,1
91,6,5,medical,5,1
90,7,7,personal,3,0
87,11,4,personal,3,0
66,1,4,emergency,2,1
72,6,5,personal,1,0
75,2,4,emergency,0,1
60,2,7,medical,1,0
85,1,2,personal,0,1
89,9,4,emergency,5,0
91,4,2,personal,1,1
94,1,6,personal,0,1
93,5,1,emergency,0,1
64,7,4,medical,4,0
99,2,4,emergency,4,1
76,6,6,emergency,2,0
79,14,3,medical,0,1
66,2,5,medical,4,0
64,7,3,personal,1,0
79,0,6,emergency,2,1
68,8,1,medical,5,0
98,6,6,personal,1,1
92,15,3,medical,0,1
62,0,3,medical,5,0
88,13,5,medical,0,1
69,1,7,personal,4,0
62,9,3,medical,2,0
66,11,7,emergency,3,0
75,5,7,medical,3,0
81,13,7,emergency,5,0
66,12,7,medical,3,0
89,11,3,medical,1,1
81,8,7,medical,2,1
94,10,1,medical,2,1
76,1,1,emergency,3,0
87,3,4,emergency,1,1
60,6,3,personal,0,0
99,10,6,medical,5,1
86,10,4,emergency,2,1
84,5,5,emergency,2,1
79,9,2,personal,4,0
88,14,6,medical,4,0
70,2,3,emergency,5,0
75,9,2,medical,1,1
90,2,4,personal,5,0
84,15,4,medical,1,1
66,13,2,medical,5,0
75,3,4,medical,3,0
98,10,7,personal,4,0
87,14,2,emergency,3,0
100,8,7,emergency,3,1
64,9,2,personal,2,0
68,4,2,personal,5,0
86,13,3,emergency,3,0
86,12,7,emergency,5,0
96,12,4,medical,2,1
86,7,4,medical,2,1
81,12,6,medical,3,0
94,0,4,emergency,4,1
87,4,7,personal,1,1
73,14,3,personal,3,0
86,8,7,medical,3,0
82,7,6,medical,5,1
75,6,7,medical,4,1
67,6,4,emergency,2,0
98,3,7,medical,2,1
79,12,4,emergency,1,0
100,7,1,emergency,2,1
67,1,3,emergency,3,0
81,0,7,personal,3,0
100,14,6,medical,3,0
77,15,4,personal,5,0
75,2,3,personal,1,0
84,10,1,personal,2,1
76,10,3,emergency,5,0
93,6,1,medical,5,1
75,15,6,emergency,3,1
78,7,4,emergency,1,0
90,11,4,emergency,4,0
77,9,3,medical,0,1
94,5,2,medical,5,1
93,9,1,medical,2,1
60,4,3,medical,0,1
68,15,1,medical,4,0
81,5,1,personal,3,1
91,2,5,emergency,5,1
96,9,1,medical,0,1
98,7,7,emergency,3,1
97,13,3,emergency,4,1
66,6,6,medical,2,1
71,2,2,medical,3,1
78,1,2,personal,5,0
64,7,3,emergency,4,0
87,3,5,medical,5,1
69,2,1,medical,2,0
78,14,1,personal,5,0
77,15,4,medical,4,0
80,8,1,medical,1,1
96,0,7,emergency,2,1
71,15,5,emergency,3,0
97,13,6,personal,0,0
80,3,7,medical,2,1
85,1,4,medical,2,1
85,0,6,emergency,3,1
83,15,6,personal,0,0
78,14,6,personal,0,0
75,5,3,emergency,0,1
67,14,1,emergency,1,0
92,8,4,personal,3,0
84,6,5,emergency,5,1
77,13,3,emergency,2,0
79,15,7,medical,3,0
95,12,4,personal,1,1
84,7,7,personal,0,0
84,12,6,emergency,1,1
92,10,7,medical,3,1
60,4,4,emergency,1,0
76,10,5,emergency,3,0
94,12,3,emergency,5,1
94,1,5,medical,1,1
74,2,4,medical,5,1
70,9,1,medical,2,0
83,13,2,medical,4,1
71,5,2,medical,4,1
75,15,5,medical,1,0
76,0,7,personal,2,1
88,11,5,personal,5,0
89,9,2,personal,3,0
82,9,6,personal,0,1
77,0,5,emergency,5,0
91,9,7,medical,4,1
72,8,6,emergency,5,0
66,1,3,personal,0,0
65,9,3,emergency,3,0
94,11,5,emergency,2,1
90,9,6,personal,0,1
74,12,7,emergency,2,0
76,3,4,personal,5,0
84,11,1,emergency,1,1
95,10,5,medical,5,1
79,13,1,medical,0,1
91,3,1,medical,4,1
94,13,5,emergency,5,0
66,15,5,personal,2,0
88,14,2,personal,0,0
82,1,4,personal,1,1
89,2,6,medical,5,1
63,10,2,medical,4,0
95,6,5,medical,1,1
98,0,3,medical,1,1
67,0,2,medical,2,1
80,0,2,personal,0,1
67,2,4,personal,2,0
92,7,5,medical,5,1
93,9,4,emergency,0,1
85,13,6,medical,3,0
65,10,5,medical,0,0
97,10,4,emergency,4,1
87,3,7,emergency,0,1
95,6,4,personal,1,1
85,13,6,medical,2,1
83,4,6,personal,0,1
87,3,6,emergency,2,1
97,10,6,medical,3,1
87,1,3,emergency,2,1
73,4,6,personal,1,0
95,11,1,personal,4,0
95,0,5,emergency,5,1
79,10,3,medical,1,1
85,2,2,emergency,5,1
93,6,4,personal,3,1
80,2,1,medical,1,1
65,8,4,emergency,3,0
77,6,7,emergency,0,1
97,15,5,emergency,2,1
98,1,1,medical,2,1
76,9,3,medical,0,1
68,12,5,emergency,1,0
82,2,4,emergency,0,1
64,10,5,personal,4,0
78,3,4,medical,2,1
89,11,1,personal,0,1
93,2,4,personal,5,1
70,2,5,emergency,0,0
82,11,6,emergency,1,1
72,5,5,medical,5,0
100,15,4,emergency,4,0
96,10,7,emergency,2,1
88,9,7,personal,4,0
79,14,4,medical,0,0
65,12,4,emergency,4,0
62,14,7,emergency,5,0
92,4,1,personal,0,1
65,5,1,medical,5,0
93,5,3,personal,2,1
98,1,7,emergency,5,1
95,12,3,personal,5,0
98,4,3,medical,4,1
79,12,2,emergency,5,0
84,10,7,medical,5,1
93,2,6,emergency,3,1
79,5,2,personal,3,0
69,2,3,medical,4,0
93,1,6,personal,4,0
70,5,7,emergency,4,0
88,1,4,personal,5,0
99,9,7,emergency,3,1
90,6,3,emergency,4,1
78,12,5,emergency,3,0
98,4,7,personal,0,1
95,3,6,emergency,0,1
77,14,5,medical,3,0
88,11,1,personal,0,0
84,2,3,medical,0,1
81,4,2,medical,2,1
68,15,4,emergency,0,1
73,4,5,emergency,4,1
78,7,3,medical,0,1
99,14,1,medical,3,1
92,7,6,medical,2,1
75,13,2,emergency,5,0
64,0,4,personal,0,0
76,0,3,medical,2,1
66,10,2,medical,2,0
71,14,6,personal,5,0
89,1,3,medical,0,1
80,9,5,personal,4,0
72,9,3,medical,5,1
83,13,4,emergency,3,0
71,15,6,personal,2,0
65,13,1,personal,4,0
78,10,1,medical,2,1
98,13,2,emergency,3,1
82,13,3,emergency,0,1
83,5,1,medical,4,1
68,2,2,emergency,2,0
62,4,6,personal,2,0
96,4,5,personal,3,1
67,0,6,medical,3,0
67,8,7,personal,5,0
78,15,2,medical,1,0
88,2,7,emergency,2,1
95,9,3,medical,5,1
71,11,5,medical,0,0
75,15,1,personal,4,0
95,4,5,medical,0,1
90,13,7,personal,4,0
64,14,4,emergency,4,0
95,5,7,medical,3,1
67,4,3,medical,1,0
82,9,7,medical,2,1
77,4,6,personal,4,0
70,4,2,emergency,4,0
96,1,7,medical,0,1
96,8,6,medical,4,1
91,9,6,personal,3,0
85,9,4,medical,5,1
90,14,2,personal,4,0
80,11,4,medical,2,1
75,14,1,personal,3,0
78,12,7,emergency,3,0
70,10,5,emergency,2,0
92,14,4,personal,3,0
92,14,2,medical,4,1
91,15,3,emergency,0,1
76,11,7,personal,2,0
95,6,3,emergency,2,1
95,8,7,emergency,5,1
66,12,3,personal,4,0
72,12,5,medical,0,0
90,14,2,emergency,4,0
80,5,4,emergency,5,0
92,15,6,emergency,2,1
81,3,4,emergency,2,1
100,0,5,personal,2,1
97,7,6,medical,4,1
99,12,2,emergency,1,1
67,6,1,personal,2,0
73,13,5,emergency,3,0
63,4,5,medical,4,0
93,12,3,medical,3,1
82,8,5,personal,1,1
79,7,3,personal,5,0
80,15,3,emergency,5,0
94,12,4,personal,1,1
65,11,4,emergency,2,0
94,8,5,emergency,2,1
97,7,2,medical,5,1
74,1,1,personal,2,1
68,0,5,medical,3,0
90,15,6,medical,2,0
65,7,5,emergency,5,0
71,13,7,medical,0,0
91,5,6,personal,0,1
66,10,3,personal,5,0
68,14,3,medical,0,0
76,5,1,emergency,2,1
72,5,5,emergency,3,0
65,12,6,medical,1,0
75,0,3,personal,1,0
81,9,5,emergency,4,0
75,1,6,medical,3,0
92,9,6,medical,5,1
99,7,2,medical,3,1
98,11,4,emergency,4,0
73,7,6,emergency,0,0
83,2,5,medical,0,1
72,4,2,personal,4,0
97,15,1,emergency,3,0
92,13,4,emergency,0,1
79,0,4,personal,0,0
62,13,3,emergency,0,0
64,15,1,personal,3,0
86,11,4,personal,3,0
94,4,6,personal,0,1
93,4,6,medical,0,1
89,13,5,personal,1,0
77,6,6,medical,0,1
61,7,2,medical,0,0
63,7,6,medical,3,0
63,4,5,personal,1,0
80,10,2,personal,1,0
86,9,3,medical,4,1
71,13,5,personal,0,0
84,10,6,personal,3,0
94,15,2,medical,2,1
89,1,5,personal,3,1
75,8,2,personal,5,0
83,2,5,emergency,1,1
98,1,7,medical,1,1
95,6,4,medical,2,1
73,6,6,medical,5,0
75,6,4,medical,4,0
89,11,3,personal,2,0
66,15,7,personal,1,0
96,7,6,medical,0,1
97,13,3,medical,1,1
75,15,5,emergency,5,0
91,15,4,medical,5,1
94,15,2,emergency,5,1
64,1,7,medical,3,0
64,4,1,medical,4,1
100,15,6,personal,0,1
60,0,5,emergency,2,0
92,13,7,medical,0,1
75,6,5,emergency,2,1
85,2,3,personal,3,0
74,9,6,medical,5,0
62,2,4,personal,3,0
60,5,1,personal,3,0
66,1,2,medical,5,0
62,2,6,personal,4,0
80,0,2,emergency,1,1
85,2,3,medical,4,1
84,10,4,emergency,1,1
65,11,1,medical,3,0
98,12,7,personal,0,1
88,15,2,personal,4,0
97,12,1,emergency,2,1
65,8,2,personal,5,0
84,10,3,medical,0,1
83,8,1,medical,0,1
95,13,1,medical,0,1
98,10,7,personal,0,1
65,7,5,emergency,1,0
77,9,3,personal,1,0
86,9,4,medical,2,1
100,15,5,emergency,1,1
60,12,3,emergency,3,0
81,13,7,emergency,4,0
72,15,3,medical,3,0
100,15,5,medical,2,1
85,11,1,emergency,1,1
95,0,6,personal,5,0
64,13,6,personal,1,0
69,13,7,personal,0,0
97,12,5,emergency,5,1
83,2,1,medical,5,1
99,1,5,emergency,5,1
81,13,1,medical,0,1
93,7,4,personal,3,0
92,4,3,medical,3,1
65,3,7,emergency,1,0
73,15,3,personal,0,0
80,2,3,medical,5,1
66,5,6,medical,4,0
95,13,4,medical,3,1
87,12,1,emergency,4,0
87,12,1,emergency,1,1
64,3,7,emergency,1,0
67,8,6,personal,4,0
84,12,5,medical,2,1
71,9,5,emergency,0,1
75,9,1,medical,2,1
86,4,5,personal,3,0
71,5,4,personal,1,0
99,1,7,personal,0,1
84,15,4,emergency,3,0
91,5,1,emergency,0,1
62,8,2,emergency,2,0
91,3,5,medical,2,1
83,1,7,emergency,3,0
66,7,3,medical,3,0
65,14,7,medical,1,0
82,13,2,emergency,1,1
63,11,5,personal,4,0
78,9,5,personal,4,0
66,4,7,personal,0,0
68,4,2,medical,5,0
85,15,2,emergency,5,0
88,2,6,medical,3,1
83,14,4,personal,4,0
65,14,6,emergency,5,0
94,12,2,personal,1,1
78,10,5,emergency,1,0
81,1,1,medical,5,1
67,5,4,personal,0,0
68,9,2,personal,0,0
83,5,1,personal,5,0
74,13,6,medical,5,0
64,4,5,medical,4,1
81,3,7,personal,5,1
84,2,6,medical,0,1
68,12,7,medical,5,0
93,0,5,emergency,1,1
100,4,4,emergency,5,1
66,4,7,medical,4,0
87,10,7,medical,1,1
95,9,7,emergency,0,1
79,6,5,emergency,4,0
63,7,4,personal,0,0
64,0,3,personal,1,0
86,11,5,emergency,1,1
64,0,5,medical,0,1
63,12,5,personal,5,0
87,12,1,emergency,4,1
65,9,1,emergency,1,0
80,12,5,emergency,5,0
87,7,1,medical,0,1
99,1,3,emergency,5,1
60,4,6,medical,1,0
93,8,2,personal,1,1
67,0,3,personal,2,0
96,2,4,personal,4,1
96,5,3,medical,2,1
67,7,6,emergency,0,0
75,1,4,personal,3,0
62,13,2,personal,1,0
77,2,5,personal,0,1
71,7,7,emergency,0,1
89,9,7,personal,2,0
83,6,3,emergency,2,1
83,15,7,medical,5,0
75,4,1,personal,0,1
60,10,1,emergency,3,0
66,6,5,medical,3,0
69,8,1,medical,1,0
83,14,6,medical,4,1
85,2,5,emergency,0,1
75,9,3,personal,3,0
80,14,3,medical,0,1
97,3,2,medical,1,1
67,11,7,medical,3,0
67,2,2,emergency,2,0
62,6,7,personal,1,0
82,12,5,medical,5,0
71,0,4,personal,4,0
89,3,7,medical,0,1
74,4,2,personal,2,0
65,8,7,medical,0,0
88,4,1,personal,0,1
70,13,7,emergency,3,0
87,5,3,medical,1,1
69,1,5,emergency,4,0
86,15,1,medical,2,1
93,7,6,emergency,0,1
82,15,5,personal,2,0
84,8,2,medical,2,1
77,1,7,personal,4,0
74,5,1,medical,5,1
63,7,5,personal,2,0
71,5,2,emergency,2,1
97,0,6,emergency,2,1
96,6,7,personal,4,0
65,1,2,emergency,1,0
81,6,7,medical,2,1
80,1,1,medical,4,1
67,11,1,personal,5,0
66,10,3,personal,1,0
87,15,6,personal,1,0
99,11,2,emergency,4,0
78,4,2,emergency,0,1
85,1,2,emergency,2,1
74,3,4,medical,2,1
80,5,6,medical,5,0
81,14,1,personal,1,1
76,3,6,medical,0,1
70,13,4,personal,2,0
90,7,2,personal,0,1
61,10,3,medical,0,0
70,2,5,medical,2,0
90,0,4,emergency,1,1
63,3,3,medical,1,0
94,8,6,personal,2,1
96,15,2,medical,2,1
100,15,2,medical,0,1
65,15,7,medical,2,0
76,2,6,emergency,3,0
83,5,4,medical,2,1
77,1,2,emergency,5,0
94,13,7,emergency,1,1
93,13,5,emergency,3,1
79,2,4,emergency,0,1
96,4,1,personal,1,1
73,6,2,medical,3,1
72,4,7,emergency,2,0
64,2,4,emergency,3,0
93,14,7,medical,5,1
86,3,4,medical,1,1
66,3,5,medical,2,0
86,8,4,emergency,3,0
71,8,4,medical,4,0
62,12,3,emergency,1,0
77,11,1,personal,2,0
66,7,2,personal,5,0
77,13,5,emergency,0,0
86,15,7,emergency,2,0
70,2,3,emergency,4,0
93,0,2,medical,1,1
89,1,3,emergency,1,1
92,12,6,medical,5,1
98,14,2,personal,4,0
76,2,3,medical,3,1
73,7,6,medical,5,0
92,0,7,emergency,0,1
71,0,2,personal,4,0
77,13,4,personal,3,0
93,12,5,medical,0,1
83,9,3,emergency,0,1
77,10,7,personal,2,0
79,6,2,emergency,1,1
98,12,6,personal,5,1
91,9,3,personal,3,1
96,6,3,emergency,5,1
90,11,5,personal,1,0
71,9,1,personal,1,0
95,5,6,personal,5,1
79,13,7,personal,2,0
67,15,1,emergency,4,0
90,6,5,medical,5,1
63,4,2,medical,2,0
89,4,3,emergency,1,1
100,5,3,emergency,0,1
70,5,4,medical,1,0
85,13,4,personal,0,1
83,0,3,emergency,1,1
75,7,6,personal,2,0
97,9,2,medical,0,1
93,10,4,emergency,1,1
82,6,2,personal,0,1
68,6,6,medical,4,0
62,12,6,personal,4,0
63,3,6,medical,0,0
84,3,5,personal,3,1
100,0,3,personal,5,1
99,4,4,medical,4,1
67,3,4,medical,4,0
93,6,3,emergency,3,1
91,6,6,personal,2,1
65,3,7,emergency,5,0
92,2,6,emergency,0,1
89,9,3,personal,0,1
62,9,3,emergency,2,0
62,0,7,medical,5,0
88,8,6,medical,2,1
85,12,4,personal,3,0
86,5,1,medical,5,1
70,3,4,emergency,3,0
71,12,7,personal,4,0
68,15,4,medical,3,0
80,0,6,emergency,4,0
96,7,6,personal,4,0
66,13,6,emergency,1,0
84,4,7,emergency,4,1
70,15,7,personal,1,0
75,10,3,medical,4,0
85,7,1,personal,3,0
91,14,3,medical,3,1
85,13,1,emergency,4,1
98,9,5,emergency,1,1
81,11,7,medical,1,1
99,15,6,emergency,2,1
74,0,3,personal,5,0
93,11,6,medical,0,1
86,3,3,emergency,1,1
85,6,4,medical,5,1
62,3,7,personal,3,0
68,15,1,emergency,5,0
97,15,5,medical,5,1
68,3,4,emergency,4,0
84,13,5,emergency,1,1
78,14,7,medical,1,0
92,9,7,emergency,4,1
95,6,2,medical,4,1
68,5,5,emergency,5,0
82,15,5,emergency,5,0
94,9,7,personal,0,1
69,1,6,medical,1,0
78,8,2,medical,5,1
94,1,3,personal,0,1
95,7,6,emergency,4,1
78,1,4,personal,3,0
80,1,1,emergency,2,1
88,7,6,emergency,5,0
94,6,7,emergency,1,1
64,5,2,emergency,4,0
77,8,2,medical,4,1
89,4,1,medical,2,1
100,9,4,emergency,4,1
80,7,2,emergency,0,1
94,12,1,personal,1,1
81,11,3,medical,4,0
60,3,6,personal,3,0
99,7,1,emergency,2,1
67,12,3,emergency,5,0
83,14,4,medical,2,1
92,2,1,medical,4,1
73,6,7,emergency,3,0
87,2,6,emergency,1,1
62,2,1,medical,1,0
96,7,3,personal,3,0
80,0,4,emergency,0,1
99,2,7,emergency,4,1
82,3,3,emergency,2,1
88,12,4,emergency,0,1
68,12,7,emergency,2,0
83,0,5,emergency,1,1
98,12,5,emergency,0,1
82,6,4,emergency,4,1
99,8,2,medical,1,1
63,14,6,emergency,0,0
66,6,6,emergency,3,0
75,3,3,emergency,0,1
88,10,5,emergency,2,1
96,11,7,personal,3,0
74,13,3,personal,1,0
90,14,4,personal,2,1
98,2,7,personal,1,1
100,2,6,medical,0,1
97,12,7,emergency,1,1
94,15,6,medical,2,1
97,9,2,personal,4,1
92,0,6,medical,4,1
68,14,2,medical,4,0
69,15,3,medical,1,0
76,11,2,medical,5,0
83,12,4,personal,0,0
66,8,7,emergency,2,0
84,12,3,emergency,5,1
76,12,2,emergency,3,0
91,15,5,medical,4,1
74,2,5,emergency,2,1
83,3,6,medical,3,1
90,15,4,medical,4,0
61,7,1,medical,4,0
92,1,5,medical,0,1
93,12,5,emergency,5,0
78,2,2,personal,4,0
70,7,7,personal,4,0
71,8,2,emergency,5,0
97,2,2,personal,3,1
93,13,7,medical,4,0
99,1,7,emergency,4,1
68,0,7,emergency,5,0
62,13,2,personal,3,0
96,3,4,medical,2,1
65,9,5,emergency,3,1
60,3,5,medical,3,0
80,13,3,medical,1,0
76,13,5,personal,4,0
73,13,5,emergency,3,0
90,8,3,emergency,2,1
68,3,6,medical,3,0
66,6,5,personal,2,0
63,5,4,emergency,0,0
90,13,1,medical,2,1
62,12,4,emergency,5,0
98,1,7,medical,5,1
93,9,2,medical,4,1
99,5,6,medical,2,1
70,2,3,personal,2,0
72,0,6,emergency,0,1
95,11,3,personal,1,1
85,0,3,medical,3,1
92,9,3,medical,4,1
96,8,6,personal,3,0
81,14,6,personal,4,0
76,2,4,emergency,1,1
80,13,3,emergency,4,0
75,9,1,personal,5,0
95,5,4,personal,2,1
71,6,4,emergency,1,1
76,6,2,medical,1,1
66,3,1,emergency,5,1
94,1,7,personal,2,1
96,8,4,medical,4,1
96,4,1,emergency,3,1
92,11,4,emergency,1,1
93,14,3,emergency,0,1
97,3,3,personal,4,1
76,7,3,personal,4,0
87,6,4,emergency,2,1
88,5,5,medical,4,1
77,7,5,personal,3,0
69,15,7,medical,1,0
100,10,7,personal,2,1
63,12,1,emergency,1,0
90,3,4,emergency,2,1
95,8,3,medical,3,1
98,6,5,emergency,5,1
78,11,3,emergency,4,0
65,12,5,personal,3,0
70,10,4,emergency,4,0
64,2,2,personal,1,0
77,12,3,personal,2,0
88,13,2,medical,0,1
76,2,2,medical,3,1
90,1,1,personal,4,1
76,4,1,emergency,3,0
78,14,6,medical,1,0
62,11,7,personal,3,0
77,14,2,emergency,4,0
100,13,5,emergency,5,0
90,7,7,medical,3,1
69,9,1,medical,4,0
82,9,4,emergency,0,1
90,9,1,personal,2,1
95,11,2,personal,4,0
84,12,2,personal,0,1
99,8,3,emergency,5,1
72,2,2,medical,2,1
88,8,6,emergency,3,1
63,0,2,medical,2,0
60,7,1,medical,0,0
79,15,3,personal,5,0
69,1,3,personal,0,0
76,12,7,medical,0,0
84,14,2,emergency,0,1
66,6,4,personal,5,0
70,1,6,emergency,4,0
79,6,3,medical,5,1
100,13,3,medical,1,1
85,7,1,medical,4,1
98,4,3,medical,1,1
99,10,7,emergency,0,1
94,3,2,personal,1,1
82,14,6,medical,0,1
68,8,1,personal,5,0
91,6,5,medical,4,1
77,5,1,emergency,1,1
94,11,4,medical,5,1
61,11,7,emergency,1,0
94,12,2,emergency,5,1
99,9,3,personal,5,1
64,1,7,medical,1,0
91,6,1,medical,4,1
91,8,1,personal,1,1
73,15,7,medical,3,0
95,13,7,personal,5,0
93,1,6,medical,2,1
93,3,1,emergency,1,1
93,7,5,emergency,1,1
66,11,6,personal,5,0
70,5,5,personal,4,0
98,14,3,personal,4,0
83,13,7,emergency,3,0
75,6,4,emergency,5,0
88,12,1,emergency,0,1
93,4,3,medical,2,1
80,0,7,emergency,2,0
96,4,1,medical,3,1
83,7,2,personal,2,1
73,2,6,personal,3,0
96,3,5,emergency,2,1
84,2,7,medical,2,1
86,3,7,medical,5,1
60,12,1,personal,4,0
69,10,5,emergency,1,0
85,14,7,emergency,4,0
78,12,2,medical,2,0
63,12,3,medical,3,0
68,4,4,emergency,1,0
72,7,2,medical,2,1
96,2,1,emergency,3,1
80,11,5,emergency,0,1
82,14,5,medical,3,0
72,11,2,emergency,0,1
99,4,7,personal,0,1
79,14,4,medical,2,0
73,8,5,personal,4,0
61,12,5,emergency,4,0
78,6,7,emergency,4,0
60,2,4,emergency,2,0
83,3,1,personal,5,0
92,3,3,personal,4,1
92,14,5,emergency,0,1
79,10,4,personal,5,0
82,11,6,personal,1,0
77,1,6,personal,3,0
61,8,2,medical,2,0
65,12,5,emergency,4,0
86,7,5,medical,3,1
81,14,5,medical,1,1
72,4,3,emergency,5,0
87,4,6,emergency,1,1
67,5,3,medical,5,0
86,13,3,personal,5,0
77,4,7,medical,0,1
99,8,5,emergency,4,1
61,11,1,emergency,3,0
90,11,2,personal,3,0
74,1,4,medical,2,1
72,6,1,medical,3,1
80,14,2,personal,3,0
84,10,4,emergency,5,0
62,3,4,personal,0,0
94,12,6,medical,4,1
63,6,3,personal,3,0
78,14,2,personal,2,0
93,4,4,emergency,3,1
71,4,4,personal,2,1
97,6,4,medical,2,1
70,3,1,medical,5,0
93,12,6,emergency,4,0
84,1,7,medical,2,1
69,5,7,medical,1,1
79,9,6,personal,2,0
68,6,1,emergency,2,0
91,0,5,personal,1,1
89,13,4,medical,4,1
95,8,5,emergency,4,1
71,4,1,emergency,2,1
96,9,3,medical,0,1
70,9,5,emergency,5,0
95,5,4,emergency,4,1
79,10,3,personal,0,0
64,9,4,medical,0,0
93,13,5,medical,5,1
96,2,4,emergency,5,1
78,13,5,personal,2,0
82,4,5,emergency,3,1
91,5,5,medical,5,1
67,0,4,emergency,0,1
99,13,4,medical,2,1
73,0,6,medical,5,0
79,9,5,emergency,2,1
81,10,4,emergency,4,1
71,6,3,personal,5,0
62,4,4,medical,5,0
81,14,7,personal,5,0
96,10,5,emergency,0,1
82,2,2,personal,0,1
94,5,5,emergency,3,1
79,10,6,medical,2,0
75,11,4,personal,1,0
83,1,7,medical,0,1
90,4,2,personal,3,1
80,4,7,medical,4,1
62,14,4,emergency,4,0
62,2,3,personal,0,0
79,0,5,personal,5,0
72,9,3,emergency,2,0
77,4,2,personal,0,1
92,3,2,emergency,2,1
78,7,2,medical,2,1
88,1,2,medical,3,1
84,1,1,personal,3,0
97,14,5,personal,2,1
94,2,7,personal,4,1
89,3,4,personal,5,0
90,7,2,medical,4,1
71,10,7,personal,3,0
67,11,4,personal,1,0
96,4,5,medical,3,1
80,2,7,personal,4,0
75,7,5,medical,3,0
97,13,7,personal,4,0
75,5,6,emergency,0,1
91,3,5,emergency,3,1
88,5,3,personal,0,1
98,12,3,personal,5,1
68,0,7,medical,5,0
84,14,2,medical,5,1
79,13,6,personal,0,0
92,12,7,medical,2,1
63,0,6,emergency,2,0
61,7,4,emergency,4,0
84,12,4,personal,4,0
68,6,5,personal,2,0
68,4,1,medical,5,0
91,13,2,medical,1,1
89,13,5,medical,3,0
88,12,3,medical,1,1
91,7,6,emergency,2,1
83,1,1,emergency,3,1
90,2,2,emergency,5,1
77,14,5,medical,4,0
90,2,6,emergency,4,1
63,10,5,medical,3,0
96,10,4,personal,2,1
98,9,6,emergency,2,1
70,1,6,personal,5,0
65,4,5,medical,2,0
77,8,1,emergency,0,1
69,14,3,medical,2,0
71,1,3,medical,1,1
91,13,7,personal,1,0
70,6,5,emergency,2,0
67,1,2,personal,3,0
94,7,4,emergency,5,1
93,13,1,personal,3,0
93,1,1,emergency,5,1
99,8,3,personal,2,1
97,12,4,emergency,5,1
72,10,6,emergency,1,1
60,2,1,personal,0,0
82,7,6,personal,2,1
65,1,5,emergency,1,0
67,2,7,emergency,1,0
96,5,1,emergency,1,1
64,14,3,personal,5,0
80,8,2,medical,2,1
81,1,3,personal,1,1
72,12,2,emergency,3,0
87,6,5,emergency,0,1
66,1,1,medical,4,0
61,15,2,emergency,5,0
84,8,2,emergency,2,1
92,15,4,personal,3,0
64,7,1,personal,5,0
96,11,3,emergency,2,1
65,11,5,personal,0,0
78,6,2,emergency,0,1
79,12,1,emergency,5,0
100,14,6,medical,1,1
97,7,4,personal,0,1
91,14,1,medical,2,1
62,12,1,medical,5,0
94,4,6,emergency,1,1
69,15,6,medical,3,0
75,4,1,medical,5,1
66,14,5,medical,4,0
67,15,5,emergency,1,0
81,12,3,medical,5,1
73,1,5,medical,2,1
86,5,6,personal,4,0
97,1,2,medical,5,1
61,15,1,medical,0,0
97,9,4,emergency,3,1
100,8,5,personal,3,1
62,5,6,personal,4,0
79,11,4,medical,4,0
93,3,5,personal,4,1
100,6,3,medical,1,1
90,15,2,medical,5,1
83,9,2,personal,2,1
89,1,1,emergency,0,1
61,15,5,medical,0,0
97,10,4,medical,5,1
67,10,2,medical,1,0
84,7,1,personal,4,0
69,6,5,personal,1,0
72,11,3,medical,2,0
63,8,2,medical,3,0
81,7,3,emergency,1,1
99,5,5,emergency,1,1
91,6,5,personal,3,1
75,7,3,personal,4,0
69,0,4,medical,0,0
92,1,4,emergency,3,1
66,14,4,medical,0,1
86,6,2,personal,2,1
61,15,6,personal,1,0
97,0,4,personal,1,1
83,14,6,emergency,0,1
81,1,3,personal,2,1
96,6,7,emergency,0,1
63,11,1,medical,3,0
83,11,2,emergency,4,0
73,4,3,medical,4,1
97,6,7,emergency,1,1
92,13,3,medical,0,1
92,3,4,emergency,4,1
78,14,5,personal,5,0
64,6,4,medical,0,1
64,3,2,personal,0,0
73,0,3,personal,5,0
82,13,4,emergency,5,0
61,7,7,emergency,5,0
80,15,5,emergency,5,0
89,9,5,medical,2,1
90,11,3,medical,1,1
70,5,6,emergency,2,0
69,5,2,medical,0,1
88,8,3,medical,1,1
80,11,2,personal,3,0
79,3,1,personal,3,0
80,4,1,emergency,4,0
78,15,3,emergency,5,0
88,10,6,medical,5,1
95,3,3,medical,3,1
82,2,3,medical,4,1
74,8,2,medical,0,1
65,12,2,personal,2,0
63,11,4,medical,5,0
83,0,3,personal,2,1
95,2,2,emergency,3,1
88,9,2,emergency,3,1
97,2,2,medical,2,1
81,2,5,personal,0,1
77,13,2,emergency,3,0
68,6,2,personal,2,0
79,9,4,emergency,5,1
60,4,3,personal,5,0
78,13,2,personal,5,0
77,15,1,emergency,5,0
87,8,6,emergency,3,0
83,0,7,personal,1,1
89,4,3,medical,0,1
82,1,3,personal,4,1
72,5,7,medical,4,0
80,9,3,emergency,5,1
97,11,7,medical,0,1
91,13,3,medical,0,1
72,3,4,personal,0,1
61,15,3,personal,5,0
98,10,2,emergency,2,1
74,4,7,emergency,1,1
73,4,1,personal,5,1
61,15,7,personal,0,0
92,1,4,medical,2,1
60,3,7,medical,4,0
71,11,1,medical,1,0
97,11,3,medical,4,1
92,2,1,emergency,0,1
78,5,7,emergency,0,1
73,15,3,emergency,4,0
66,5,7,personal,3,0
86,3,7,personal,0,1
91,11,6,personal,4,1
91,3,4,personal,3,1
88,7,5,personal,2,0
64,15,6,personal,1,0
66,12,4,emergency,5,0
85,12,6,emergency,0,1
70,2,3,medical,2,0
85,3,2,personal,5,1
97,8,7,emergency,3,1
85,15,5,personal,1,1
76,15,4,medical,5,1
63,2,4,emergency,0,0
80,4,3,emergency,4,1
93,15,7,personal,1,0
92,8,5,personal,4,0
62,13,1,personal,3,0
89,1,1,medical,4,1
70,15,4,medical,2,0
67,15,6,emergency,5,0
95,5,5,medical,3,1
84,11,7,personal,2,0
68,11,3,emergency,4,0
81,12,1,personal,2,0
63,7,2,medical,5,0
64,9,1,personal,1,0
89,13,5,emergency,3,0
97,0,3,personal,4,1
91,3,6,emergency,1,1
81,5,5,personal,2,1
100,2,7,emergency,1,1
96,12,7,medical,4,1
97,3,5,personal,2,1
90,13,2,personal,0,1
79,13,6,emergency,2,0
99,14,6,emergency,1,1
93,5,5,personal,1,1
89,8,6,emergency,4,0
96,1,5,medical,2,1
79,13,4,personal,0,0
77,9,6,medical,2,1
75,3,2,medical,0,1
89,15,5,personal,3,0
70,8,2,medical,2,0
95,5,6,medical,5,1
65,10,5,personal,0,0
83,2,4,emergency,1,1
92,3,5,emergency,4,1
76,15,1,medical,4,0
81,12,7,emergency,5,0
69,3,2,medical,2,1
97,1,4,emergency,2,1
94,13,4,emergency,1,1
69,11,4,emergency,2,0
98,1,7,emergency,5,1
75,8,5,personal,2,0
67,7,7,personal,3,0
76,9,1,medical,2,1
88,10,7,emergency,3,0
65,15,4,emergency,3,0
87,3,7,medical,5,1
86,10,4,emergency,0,1
71,14,7,emergency,1,0
79,10,5,medical,0,1
68,13,7,personal,3,0
76,5,6,emergency,2,1
86,11,2,personal,3,0
74,0,1,emergency,5,1
65,14,2,personal,5,0
99,13,5,personal,1,0
96,3,1,emergency,4,1
89,15,1,medical,5,0
77,9,6,personal,3,0
98,6,7,personal,5,1
86,4,1,personal,2,1
75,11,5,emergency,5,1
68,10,6,personal,5,0
87,8,1,medical,4,1
75,15,3,emergency,5,0
62,0,3,emergency,4,0
83,4,5,medical,4,1
91,10,4,medical,0,1
69,8,1,personal,0,0
77,11,4,personal,2,0
76,10,4,medical,2,1
69,14,1,medical,1,0
90,8,2,emergency,3,1
91,1,4,personal,5,1
67,4,1,personal,0,0
70,8,5,emergency,4,0
60,5,4,medical,1,0
81,0,3,emergency,5,1
66,10,2,medical,0,0
90,14,6,personal,4,0
62,14,3,emergency,5,0
68,6,7,medical,5,0
64,12,1,personal,2,0
85,2,1,medical,1,1
69,3,3,personal,3,0
98,4,3,emergency,0,1
91,14,4,personal,2,1
87,11,5,medical,3,1
92,10,4,emergency,1,1
91,2,3,personal,3,1
79,4,2,emergency,2,1
78,1,5,medical,0,1
86,3,4,emergency,5,1
76,2,7,emergency,0,1
71,5,7,personal,0,0
79,10,5,emergency,3,0
76,10,7,medical,1,0
98,8,7,emergency,0,1
85,3,1,medical,5,1
98,15,3,emergency,4,1
85,9,1,medical,1,1
61,6,7,medical,1,1
75,13,7,emergency,4,0
89,4,4,personal,0,1
88,15,4,medical,3,1
96,12,1,personal,0,1
87,13,7,personal,5,0
78,1,4,personal,3,0
91,7,6,medical,4,1
95,2,3,emergency,3,1
99,11,4,emergency,3,0
72,15,3,personal,1,0
81,14,2,personal,5,0
83,15,7,medical,4,0
65,15,2,medical,1,0
86,15,3,medical,1,1
82,8,3,emergency,1,1
92,1,7,medical,2,1
67,7,4,personal,2,0
95,8,2,emergency,4,1
63,14,7,personal,0,0
99,3,7,emergency,0,1
67,6,3,medical,5,0
92,15,6,medical,1,1
68,3,7,medical,3,0
60,7,7,personal,2,0
77,11,6,personal,2,0
93,13,7,medical,1,1
86,14,7,emergency,5,1
69,0,6,emergency,0,0
70,13,1,personal,0,0
96,1,6,emergency,5,1
86,12,6,emergency,4,0
80,11,1,personal,4,0
85,14,6,medical,4,0
88,11,7,emergency,3,0
65,1,5,personal,3,0
68,9,2,medical,4,0
100,5,1,medical,4,1
79,13,5,medical,5,0
100,11,1,medical,5,1
96,0,4,personal,1,1
96,7,3,personal,2,1
96,4,6,personal,4,1
93,6,7,personal,3,1
86,2,1,medical,3,1
88,2,3,emergency,4,1
85,8,5,personal,5,0
91,13,7,medical,1,1
89,4,6,emergency,4,1
90,1,6,medical,4,1
98,13,1,medical,2,1
69,3,3,personal,2,0
69,4,7,emergency,3,0
78,6,2,emergency,3,0
64,1,4,personal,4,0
81,12,4,emergency,4,0
100,14,7,personal,5,0
80,2,7,emergency,5,0
85,10,5,medical,5,1
65,5,6,medical,4,0
79,3,6,emergency,0,1
96,1,5,emergency,1,1
61,3,6,emergency,1,0
73,7,7,emergency,4,0
98,10,4,emergency,0,1
81,13,2,personal,0,1
76,2,1,medical,4,1
76,2,2,personal,3,1
80,5,1,emergency,0,1
69,13,3,personal,3,0
63,6,2,emergency,4,0
92,12,1,personal,0,1
64,15,1,personal,5,0
77,3,2,emergency,5,0
86,14,1,emergency,4,0
83,5,7,medical,4,1
95,14,1,medical,3,1
70,0,1,personal,2,0
84,11,7,emergency,1,0
62,5,6,emergency,4,0
67,4,6,emergency,2,0
92,10,6,personal,5,0
88,8,2,emergency,2,1
98,10,1,emergency,1,1
90,0,1,emergency,1,1
91,12,5,medical,5,1
88,3,3,personal,4,1
60,3,4,personal,1,0
61,8,6,emergency,2,0
100,9,7,emergency,1,1
83,1,3,personal,5,1
72,12,1,personal,4,0
72,5,1,emergency,1,1
96,7,5,emergency,2,1
94,8,6,emergency,3,1
63,10,4,personal,2,0
91,11,5,medical,5,1
86,14,3,medical,3,1
96,0,6,medical,5,1
75,6,2,personal,2,0
61,15,4,medical,4,0
76,7,1,personal,1,0
81,7,1,emergency,4,1
88,3,1,medical,0,1
64,4,1,personal,0,0
64,3,6,medical,4,0
85,3,5,personal,1,1
99,0,4,personal,3,1
99,3,3,emergency,5,1
81,6,1,medical,0,1
72,4,6,emergency,2,0
99,14,2,medical,1,1
79,13,5,emergency,2,0
69,4,4,personal,4,0
60,4,1,medical,4,0
63,13,3,medical,1,0
64,10,2,emergency,3,0
98,10,7,emergency,4,1
86,10,2,medical,3,1
91,7,1,emergency,1,1
73,7,4,emergency,2,0
85,5,7,medical,2,1
95,3,2,personal,3,1
83,1,1,medical,1,1
76,5,3,emergency,1,1
76,3,1,emergency,1,1
67,10,2,personal,3,0
70,13,6,medical,0,0
72,6,5,personal,5,0
100,7,1,emergency,4,1
69,10,2,medical,5,0
92,15,2,emergency,0,1
99,2,2,emergency,3,1
92,11,4,emergency,3,0
93,15,6,personal,3,0
97,1,2,medical,1,1
73,9,4,personal,4,0
76,2,2,medical,2,1
97,1,4,emergency,4,1
87,13,3,personal,2,1
88,7,3,emergency,0,1
92,2,7,personal,1,1
62,6,3,medical,5,0
77,6,6,emergency,1,1
94,8,1,personal,2,1
85,12,7,emergency,5,0
69,12,2,medical,5,0
93,14,6,personal,2,0
72,13,7,emergency,3,0
95,0,3,medical,4,1
60,15,7,emergency,2,0
85,9,3,emergency,0,1
68,4,3,emergency,5,0
96,12,4,medical,3,1
90,3,3,emergency,3,1
70,3,6,emergency,1,0
91,0,2,medical,0,1
73,7,3,emergency,4,1
93,0,2,personal,3,1
68,13,4,emergency,0,0
73,4,7,medical,2,1
90,5,5,emergency,2,1
89,8,2,medical,1,1
98,7,5,personal,4,0
96,1,6,medical,2,1
82,9,4,emergency,1,1
99,13,4,personal,5,0
85,1,2,medical,2,1
64,6,4,personal,4,0
66,10,4,personal,1,0
89,0,1,emergency,5,1
81,12,7,medical,3,0
68,10,6,emergency,3,0
95,7,6,personal,1,1
70,5,7,medical,4,0
94,12,2,medical,5,1
69,14,3,medical,1,0
94,6,4,emergency,0,1
66,12,6,personal,3,1
84,6,2,personal,1,1
61,0,3,medical,5,0
66,5,6,medical,0,1
80,10,5,emergency,1,0
85,13,1,medical,1,1
60,12,6,personal,0,0
64,8,6,emergency,2,0
86,9,7,emergency,3,1
94,5,3,medical,4,1
84,4,3,medical,5,1
90,2,3,medical,4,1
92,7,5,emergency,5,1
99,3,3,medical,5,1
65,1,2,personal,3,0
73,1,2,emergency,4,0
81,4,3,personal,5,1
86,9,7,medical,1,1
75,6,5,medical,5,0
74,12,5,personal,1,1
91,2,2,medical,5,1
68,2,2,emergency,4,0
75,2,4,emergency,3,0
75,13,2,emergency,1,0
100,6,3,personal,0,1
84,5,4,personal,3,0
69,15,1,personal,3,0
79,4,5,emergency,1,1
89,9,4,emergency,4,0
90,6,2,medical,0,1
83,15,4,personal,3,0
91,9,6,emergency,0,1
67,12,5,medical,1,0
82,15,6,emergency,2,0
87,7,2,personal,0,1
61,4,3,emergency,3,0
75,5,1,medical,0,1
85,2,5,medical,3,1
79,12,5,personal,5,0
65,3,6,emergency,2,0
73,12,6,personal,0,0
60,3,1,emergency,3,0
87,5,2,personal,1,1
71,3,4,emergency,1,1
71,6,3,personal,3,0
100,5,1,personal,0,1
81,0,5,medical,3,1
60,1,3,medical,5,0
66,6,5,medical,3,0
77,15,4,personal,4,0
81,10,7,medical,2,1
63,11,7,personal,0,0
85,4,1,emergency,0,1
75,11,4,emergency,5,0
86,6,1,emergency,2,1
62,10,6,personal,1,0
99,2,3,personal,3,1
66,12,3,emergency,1,0
96,1,2,personal,0,1
95,14,2,personal,0,1
75,6,2,emergency,5,0
61,5,3,personal,2,0
90,3,6,medical,4,1
81,7,5,emergency,0,1
84,13,7,medical,1,1
67,2,3,emergency,4,0
67,11,2,personal,3,1
63,6,7,personal,3,0
68,7,1,personal,0,0
69,9,7,medical,3,0
78,4,6,emergency,5,0
92,3,3,emergency,4,1
91,9,6,personal,0,1
73,7,6,emergency,0,0
91,12,3,emergency,1,1
81,13,6,personal,2,0
93,9,3,emergency,1,1
66,4,3,emergency,0,0
89,5,5,medical,3,1
69,6,2,emergency,1,1
96,3,6,medical,3,1
70,1,1,personal,3,0
92,10,5,personal,1,1
62,3,2,personal,3,0
71,12,7,emergency,5,0
84,8,6,emergency,3,1
65,3,4,emergency,5,0
97,15,3,emergency,5,1
84,15,6,emergency,3,0
80,2,6,emergency,1,0
85,15,1,emergency,4,0
67,6,6,medical,1,0
60,14,7,personal,0,0
70,2,5,personal,0,0
79,11,5,medical,3,0
75,9,1,emergency,2,0
96,15,6,personal,4,0
98,6,6,medical,5,1
72,4,3,medical,1,1
82,8,2,emergency,4,0
76,12,6,medical,3,0
87,4,5,medical,0,1
100,6,6,personal,4,0
98,5,4,medical,2,1
61,7,1,personal,0,0
86,2,3,emergency,0,1
77,4,7,medical,2,1
74,12,1,medical,1,0
97,15,1,emergency,2,1
95,8,5,medical,0,1
84,5,3,emergency,5,1
98,12,4,emergency,1,1
69,4,2,personal,4,0
100,11,6,medical,5,1
71,14,3,personal,4,0
93,7,3,emergency,0,1
80,2,6,medical,0,1
70,1,1,emergency,2,0
60,13,6,emergency,5,0
94,3,4,medical,4,1
60,13,6,emergency,5,0
93,1,5,personal,1,1
93,7,2,medical,2,1
63,13,4,personal,1,0
75,3,3,personal,3,0
100,12,2,personal,5,0
89,15,1,personal,0,0
82,3,1,personal,5,0
66,13,4,medical,0,0
86,3,4,medical,1,1
90,12,3,personal,2,1
77,3,4,emergency,3,0
87,0,3,emergency,1,1
68,12,4,emergency,2,0
72,15,6,personal,0,0
68,10,7,personal,4,0
84,4,1,medical,0,1
60,7,1,emergency,2,0
60,13,4,personal,2,0
75,4,6,emergency,1,0
76,7,6,personal,1,0
66,5,2,emergency,5,0
68,12,1,personal,1,0
99,6,1,medical,3,1
100,7,2,personal,3,0
63,9,1,personal,2,0
86,7,3,medical,1,1
80,6,3,personal,2,1
71,8,4,personal,2,0
60,4,3,personal,5,0
97,11,2,emergency,2,1
66,4,6,emergency,4,0
72,6,6,personal,0,0
81,9,6,personal,1,1
68,6,4,emergency,5,0
95,11,3,personal,5,0
64,15,4,emergency,4,0
77,4,3,medical,4,1
72,12,4,emergency,4,0
70,14,7,emergency,3,0
98,8,2,medical,0,1
60,14,5,emergency,5,0
74,9,6,personal,4,0
94,7,3,medical,5,1
68,8,7,medical,5,0
73,3,1,emergency,2,1
80,2,6,emergency,2,0
99,9,3,medical,5,1
74,8,2,personal,0,0
97,3,6,emergency,5,1
100,6,7,personal,1,1
100,12,2,personal,1,1
69,15,1,personal,1,0
71,6,5,personal,5,0
79,5,2,personal,5,1
64,13,2,personal,5,0
93,4,6,medical,4,1
67,0,7,emergency,0,0
77,4,6,emergency,0,1
66,10,7,emergency,0,0
96,14,7,medical,2,1
63,8,6,emergency,0,0
94,9,1,emergency,3,1
61,7,4,personal,1,0
84,3,4,medical,0,1
78,11,1,emergency,2,0
65,1,5,medical,1,0
71,13,2,emergency,5,0
82,3,3,personal,5,1
64,0,7,medical,5,0
88,15,7,medical,0,1
77,4,1,personal,1,0
80,15,4,personal,5,0
100,10,2,emergency,1,1
94,15,5,emergency,1,1
86,7,6,medical,1,1
61,11,5,personal,1,0
82,11,7,medical,2,1
95,13,2,medical,1,1
69,12,6,medical,5,0
66,2,4,emergency,1,0
65,7,1,medical,4,0
71,15,6,medical,5,0
90,13,6,personal,3,0
78,3,2,medical,5,1
92,5,1,personal,3,1
95,8,5,emergency,2,1
70,8,1,emergency,3,0
73,12,5,medical,1,0
95,2,7,emergency,3,1
85,12,2,medical,2,1
66,3,1,personal,4,0
75,9,2,emergency,0,1
79,6,5,medical,5,1
65,1,5,personal,0,0
79,0,3,personal,3,0
85,11,2,emergency,5,0
92,3,5,medical,0,1
97,1,3,medical,1,1
100,2,6,medical,1,1
70,10,4,medical,2,0
87,1,6,emergency,3,1
98,2,2,emergency,5,1
60,4,7,personal,4,0
65,15,1,personal,2,0
64,8,5,personal,2,0
89,8,4,personal,3,0
67,15,1,personal,2,0
68,14,3,emergency,4,0
86,14,3,emergency,0,1
75,0,2,medical,2,1
64,7,4,personal,5,0
94,14,1,medical,1,1
85,13,2,personal,2,0
98,15,2,emergency,5,1
62,4,4,medical,5,0
98,12,1,personal,3,1
73,0,7,emergency,3,0
65,4,1,personal,3,0
88,13,5,medical,5,1
63,2,4,personal,2,0
86,15,4,emergency,5,0
87,11,6,emergency,3,0
98,6,1,emergency,5,1
80,0,2,personal,1,0
86,8,5,emergency,0,1
68,14,6,emergency,0,0
72,13,6,emergency,1,0
73,6,6,emergency,0,1
79,9,5,medical,5,0
86,13,3,personal,4,0
81,3,2,personal,3,0
70,13,4,personal,5,0
78,3,1,medical,0,1
86,3,4,emergency,4,1
88,1,6,personal,3,0
95,12,1,medical,3,1
89,13,7,emergency,5,0
83,7,5,personal,2,1
86,7,1,personal,0,1
83,10,3,medical,4,1
85,6,5,emergency,3,1
96,13,2,emergency,3,1
80,5,4,medical,0,1
67,12,7,emergency,2,0
80,6,1,medical,0,1
97,4,1,emergency,5,1
96,12,1,emergency,5,1
100,11,2,medical,5,1
94,7,6,personal,2,1
69,0,6,emergency,0,0
67,3,2,personal,2,0
91,11,7,medical,3,0
86,2,4,emergency,0,1
80,14,7,medical,1,0
96,1,1,personal,2,1
94,0,2,emergency,5,1
98,0,5,medical,4,1
83,3,2,medical,2,1
68,8,3,personal,1,0
95,9,4,emergency,3,1
72,8,2,medical,5,0
85,3,5,emergency,2,1
91,13,4,personal,4,0
99,3,5,personal,3,1
100,2,4,medical,0,1
86,9,5,emergency,4,1
71,10,4,medical,2,1
83,11,2,personal,0,0
81,6,4,emergency,2,1
84,9,5,medical,4,1
98,2,5,emergency,3,1
80,6,2,medical,3,1
86,3,1,personal,1,1
75,0,3,medical,5,1
60,14,3,medical,3,0
93,1,3,emergency,0,1
86,9,3,personal,2,0
80,15,5,medical,3,0
91,3,7,personal,4,1
60,4,1,personal,5,0
65,6,6,personal,4,0
63,8,7,medical,0,0
76,10,6,emergency,3,0
68,14,1,medical,2,0
86,14,6,medical,4,0
91,8,3,emergency,3,1
78,2,3,emergency,1,1
73,2,1,personal,0,1
89,12,2,personal,0,0
93,10,7,personal,5,1
92,3,2,medical,2,1
99,6,7,personal,1,1
79,3,2,personal,0,1
89,5,3,medical,3,1
76,3,5,medical,2,1
92,13,5,personal,0,1
63,12,6,personal,1,0
98,8,5,emergency,3,1
63,7,1,medical,0,1
77,7,1,emergency,0,1
85,12,4,medical,1,1
77,15,2,medical,1,0
98,9,6,medical,0,1
99,15,6,personal,5,0
64,5,2,personal,3,1
90,13,3,medical,1,1
70,0,5,personal,3,0
75,15,1,medical,0,1
74,5,7,medical,0,1
81,14,4,emergency,2,1
91,8,3,personal,0,1
81,15,1,personal,5,0
69,13,7,medical,5,0
61,7,5,emergency,5,0
65,6,4,emergency,0,0
94,14,5,medical,2,1
81,12,5,personal,2,1
93,10,7,emergency,0,1
82,9,1,medical,3,1
69,9,5,emergency,5,0
64,9,1,personal,0,0
67,1,4,personal,0,0
60,1,3,medical,2,0
92,4,1,emergency,2,1
87,2,3,medical,0,1
100,12,4,personal,0,1
98,9,2,emergency,3,1
97,4,6,medical,2,1
79,9,1,personal,4,0
71,12,7,personal,0,0
80,11,4,personal,3,0
89,0,5,medical,3,1
79,7,5,emergency,2,0
96,9,1,personal,1,1
93,14,7,medical,0,1
66,10,5,medical,2,0
63,3,6,emergency,5,0
73,4,5,emergency,3,0
100,4,3,emergency,2,1
91,6,1,medical,0,1
93,3,2,medical,0,1
88,12,1,medical,2,1
75,8,7,emergency,5,0
67,13,2,emergency,0,0
75,5,5,emergency,5,0
78,9,6,medical,4,0
85,12,6,medical,3,0
61,9,4,medical,4,0
62,14,1,personal,1,0
77,0,2,personal,4,0
82,12,5,medical,1,1
96,10,4,emergency,1,1
79,12,1,emergency,3,0
71,8,2,emergency,2,0
97,12,1,medical,0,1
66,3,4,emergency,3,0
75,3,2,emergency,3,0
64,1,5,personal,0,0
88,11,5,emergency,0,1
88,12,2,emergency,4,1
91,14,6,personal,1,1
93,6,1,emergency,0,1
73,1,7,medical,0,1
94,2,3,medical,5,1
93,15,2,medical,4,1
82,4,7,medical,3,1
64,2,2,emergency,2,0
63,10,1,medical,2,0
82,2,7,medical,2,1
93,9,4,emergency,0,1
97,15,3,emergency,0,1
72,10,7,medical,1,0
81,1,2,personal,0,1
99,1,3,medical,3,1
65,15,2,personal,5,0
92,7,6,personal,3,0
74,0,1,medical,1,1
61,15,1,personal,3,0
87,4,1,personal,0,1
83,11,2,personal,3,0
65,0,2,personal,5,0
94,1,7,medical,5,1
63,4,4,medical,2,0
75,9,2,emergency,3,1
64,2,3,emergency,1,0
82,7,4,emergency,2,1
78,7,5,personal,2,0
63,11,4,emergency,4,0
68,7,3,emergency,4,0
69,1,2,emergency,3,0
67,0,4,medical,2,0
65,1,3,emergency,3,0
84,14,1,medical,1,1
94,1,6,personal,0,1
61,10,7,personal,4,0
99,13,7,personal,5,0
66,12,6,emergency,2,0
89,13,5,emergency,4,0
84,14,6,medical,1,1
77,2,2,emergency,2,1
99,8,3,personal,5,0
98,0,1,personal,4,1
71,14,4,medical,3,0
82,15,6,emergency,1,0
65,8,5,emergency,2,0
76,8,3,personal,1,0
99,1,2,medical,5,1
88,10,1,emergency,5,0
76,8,1,emergency,2,1
75,11,1,medical,4,0
75,6,3,emergency,2,1
64,13,3,medical,0,0
81,13,6,personal,3,0
61,5,3,medical,2,0
61,3,5,medical,2,0
92,11,2,personal,4,0
84,2,1,medical,4,1
95,13,5,emergency,0,1
63,15,6,emergency,4,0
96,9,2,personal,1,1
74,14,3,emergency,0,0
86,11,1,personal,4,0
90,7,4,personal,1,0
68,7,7,personal,5,0
76,9,3,personal,0,0
69,15,6,medical,1,1
67,13,3,emergency,5,0
68,1,7,personal,0,0
68,12,4,personal,1,0
78,3,3,personal,4,1
62,2,6,personal,3,0
87,9,7,personal,5,0
97,2,2,medical,4,1
89,12,3,personal,1,0
66,7,3,personal,2,0
93,13,3,personal,3,1
69,1,7,emergency,5,0
96,10,1,personal,2,1
91,14,2,medical,2,1
98,3,2,emergency,2,1
92,5,1,emergency,0,1
72,0,4,medical,2,1
96,13,6,personal,4,0
67,3,4,personal,3,0
77,3,3,medical,5,1
80,5,5,personal,2,0
64,10,1,personal,0,0
80,6,7,emergency,5,0
100,0,2,medical,4,1
72,8,4,medical,3,0
78,4,2,emergency,0,1
73,0,4,medical,3,1
71,1,4,emergency,2,1
75,11,4,emergency,5,0
74,9,6,personal,3,0
82,15,3,medical,1,1
78,13,4,personal,1,0
89,10,6,medical,2,1
90,15,5,personal,5,0
92,6,7,personal,0,1
80,13,4,personal,3,0
77,15,6,medical,2,1
88,13,2,emergency,1,1
67,10,2,emergency,4,0
84,2,7,emergency,2,1
95,2,6,medical,4,1
70,12,7,emergency,1,0
83,10,4,medical,4,1
62,0,7,emergency,0,0
62,5,3,personal,0,0
75,1,3,emergency,0,1
85,4,7,emergency,2,1
92,13,1,medical,5,1
69,3,6,emergency,3,0
79,10,4,emergency,5,0
72,3,3,emergency,4,0
65,7,4,emergency,2,0
94,7,4,medical,3,1
94,3,4,medical,4,1
74,14,3,personal,4,0
69,2,1,emergency,1,0
97,7,1,medical,3,1
96,7,1,personal,2,1
69,1,3,emergency,4,0
77,6,7,emergency,3,0
75,10,4,emergency,3,0
65,3,4,emergency,0,0
70,3,2,medical,3,1
87,15,2,emergency,4,0
95,13,4,medical,2,1
77,10,5,personal,4,0
93,6,7,emergency,5,1
90,14,2,personal,5,0
68,5,5,emergency,3,0
69,15,1,medical,2,0
66,14,3,medical,0,0
64,11,6,emergency,1,1
72,8,3,personal,4,0
85,8,5,emergency,5,1
69,3,6,medical,2,0
68,12,3,emergency,4,0
99,15,2,medical,0,1
65,4,2,medical,3,0
63,4,5,personal,3,0
92,3,2,emergency,3,1
90,11,3,emergency,2,1
73,5,6,personal,5,0
88,15,6,personal,5,0
82,5,1,personal,3,0
87,6,5,emergency,1,1
60,6,4,personal,4,0
81,3,3,personal,4,0
62,8,6,personal,3,0
76,8,6,medical,4,0
90,14,4,medical,3,0
94,3,1,personal,0,1
71,4,1,personal,0,1
63,10,1,emergency,2,0
99,0,3,emergency,2,1
97,11,5,medical,5,1
63,2,2,emergency,1,1
88,1,3,emergency,1,1
100,0,3,personal,4,1
96,2,5,personal,0,1
65,5,3,emergency,5,0
60,6,6,personal,3,0
75,9,7,emergency,5,0
68,9,1,personal,5,0
96,10,4,medical,1,1
78,8,6,personal,2,0
83,11,7,emergency,4,0
70,1,7,emergency,3,0
87,11,6,emergency,2,0
92,8,1,emergency,1,1
62,3,5,emergency,5,0
97,10,3,emergency,3,1
80,3,6,personal,0,0
81,3,2,personal,2,1
61,14,7,emergency,3,0
85,15,7,medical,2,1
90,12,3,medical,1,1
92,3,4,personal,2,1
61,5,5,medical,2,0
93,6,5,medical,1,1
63,2,3,medical,2,1
60,4,2,medical,2,1
73,13,1,emergency,1,0
83,0,4,medical,2,1
85,6,4,emergency,3,1
66,12,2,personal,1,0
78,13,5,personal,4,0
97,0,2,emergency,1,1
81,0,5,emergency,3,1
68,15,2,medical,1,0
84,5,4,medical,2,1
90,1,3,personal,1,1
66,14,7,medical,2,0
85,0,2,personal,1,1
89,0,4,emergency,5,1
79,13,3,emergency,5,0
88,11,7,personal,5,0
83,3,7,medical,3,1
65,4,1,personal,5,0
99,14,4,medical,3,1
91,14,3,medical,4,1
81,9,7,medical,4,0
86,0,4,personal,2,1
82,1,5,emergency,3,1
66,4,6,medical,5,0
82,14,6,emergency,1,0
93,14,1,medical,2,1
100,3,4,emergency,5,1
79,13,4,medical,1,0
65,13,1,medical,4,0
92,7,6,medical,2,1
87,8,6,emergency,1,1
98,12,2,emergency,2,1
61,13,6,medical,2,0
100,10,1,medical,1,1
64,9,6,emergency,4,0
100,10,5,personal,3,1
81,10,3,personal,1,1
73,5,6,personal,2,0
96,2,6,personal,4,1
93,11,3,personal,2,1
69,5,5,personal,4,0
61,9,5,emergency,3,0
94,4,4,emergency,0,1
67,9,2,medical,5,0
82,6,4,emergency,2,1
66,10,5,emergency,4,0
91,14,3,personal,1,1
78,0,5,personal,3,0
66,12,5,emergency,3,0
100,0,5,medical,1,1
65,13,1,personal,4,0
90,2,3,medical,5,1
84,6,7,medical,3,1
71,15,6,medical,2,1
61,6,5,personal,3,0
75,5,4,emergency,5,0
81,5,2,personal,5,1
62,13,7,emergency,3,0
86,8,6,emergency,0,1
94,0,4,personal,5,1
62,11,4,emergency,4,0
67,3,2,personal,4,0
70,11,4,emergency,2,0
90,6,3,medical,2,1
91,7,7,personal,2,1
88,8,5,personal,4,0
93,9,1,medical,2,1
79,5,5,emergency,2,1
78,4,6,emergency,1,0
84,8,6,medical,0,1
69,0,3,personal,5,0
93,12,4,emergency,1,1
97,10,5,personal,3,0
70,15,2,personal,3,0
81,7,3,medical,1,1
67,6,3,personal,3,0
60,7,6,medical,2,0
66,10,5,medical,2,0
94,2,7,medical,3,1
76,5,6,emergency,1,0
71,1,5,personal,4,0
64,4,5,personal,0,0
97,15,4,medical,4,1
100,2,2,personal,0,1
66,6,5,personal,2,0
67,14,7,emergency,1,0
89,0,3,personal,4,0
81,15,5,personal,5,0
75,10,3,emergency,4,0
67,5,4,medical,2,0
91,5,2,medical,3,1
88,10,6,emergency,4,1
66,7,2,personal,4,0
90,3,6,personal,4,0
80,5,2,personal,1,0
70,10,5,personal,5,0
77,7,3,personal,2,0
82,10,4,personal,3,0
60,12,1,personal,2,0
89,8,1,emergency,1,1
78,11,1,personal,3,0
95,6,7,medical,4,1
66,2,2,medical,2,0
97,15,1,emergency,3,1
91,7,3,emergency,4,1
100,10,3,emergency,2,1
90,4,6,medical,2,1
69,4,5,personal,4,0
75,10,5,emergency,5,0
78,0,2,medical,5,1
83,14,6,medical,1,1
83,10,2,emergency,5,1
61,4,1,emergency,3,0
63,1,5,personal,0,0
92,10,7,emergency,3,1
64,2,5,medical,4,0
92,2,5,personal,4,1
64,13,7,personal,3,0
69,10,1,medical,5,0
87,0,4,emergency,2,1
61,0,2,personal,3,0
97,10,5,personal,5,0
96,11,6,emergency,1,1
79,5,1,medical,4,1
68,11,1,personal,2,0
72,9,2,personal,2,0
82,0,2,personal,0,1
88,6,4,medical,3,1
84,3,1,medical,4,1
67,5,7,medical,0,0
82,10,4,medical,1,1
83,15,3,emergency,0,1
84,13,4,medical,2,1
64,13,7,emergency,2,0
84,15,1,personal,5,0
69,7,2,emergency,0,0
90,1,1,emergency,1,1
83,13,7,medical,3,0
69,5,3,medical,1,1
85,11,7,personal,4,0
81,0,4,medical,5,1
62,12,7,emergency,5,0
60,11,2,medical,3,0
90,14,4,emergency,3,0
100,0,3,personal,3,1
80,11,5,emergency,5,0
96,6,2,medical,4,1
74,2,6,medical,5,0
66,7,2,personal,1,0
89,8,7,medical,2,1
97,1,6,personal,5,1
71,0,2,emergency,0,1
85,10,1,emergency,3,1
100,12,4,medical,3,1
67,8,6,emergency,2,0
76,10,7,personal,4,0
81,8,1,personal,3,0
68,3,2,personal,0,0
68,11,3,personal,3,0
92,5,4,emergency,1,1
61,6,6,emergency,2,0
96,1,7,emergency,2,1
93,5,3,medical,0,1
99,7,7,emergency,1,1
87,6,3,medical,3,1
86,15,4,personal,1,0
64,8,6,emergency,5,0
99,2,1,personal,1,1
75,12,7,medical,5,0
75,11,1,medical,2,0
97,4,2,personal,1,1
60,3,5,personal,4,0
90,7,6,personal,2,0
99,14,2,medical,5,1
62,12,7,personal,0,0
70,15,7,personal,1,0
98,11,2,emergency,3,0
86,1,6,medical,2,1
76,10,4,emergency,2,1
66,15,2,emergency,3,0
77,3,7,emergency,3,0
84,12,1,emergency,0,1
66,3,1,medical,2,0
98,13,7,personal,5,0
88,14,5,emergency,0,1
100,13,6,medical,1,1
81,3,3,personal,0,1
76,11,7,emergency,2,0
77,14,7,medical,2,0
76,5,2,emergency,4,0
82,5,7,personal,0,1
74,10,7,personal,0,1
85,10,5,personal,5,0
76,15,3,personal,3,0
70,10,1,medical,1,0
95,9,7,emergency,4,1
64,6,1,medical,5,0
85,8,2,emergency,2,1
84,3,7,emergency,2,1
80,7,4,medical,1,1
77,0,4,medical,5,1
74,14,6,medical,1,0
61,15,7,personal,3,0
72,13,2,emergency,4,0
84,8,6,personal,2,0
75,10,5,personal,0,1
75,4,1,emergency,5,0
98,7,6,personal,5,0
74,14,3,emergency,0,0
97,13,1,medical,0,1
63,11,4,emergency,1,0
77,8,6,medical,5,0
68,12,2,emergency,3,0
79,10,2,emergency,4,1
94,10,7,medical,4,1
97,3,7,medical,4,1
70,6,2,emergency,1,1
91,3,3,medical,0,1
84,13,4,emergency,3,0
66,9,3,medical,5,0
65,5,3,personal,1,0
100,2,3,personal,0,1
98,1,5,medical,5,1
93,0,1,personal,3,1
96,11,7,medical,1,1
71,6,3,medical,5,1
96,5,4,emergency,1,1
88,0,5,medical,4,1
67,9,3,medical,2,0
70,3,4,medical,4,0
81,14,6,emergency,3,0
95,2,3,medical,2,1
91,6,7,personal,0,1
90,3,7,emergency,0,1
93,12,7,emergency,5,0
88,6,3,emergency,3,1
91,0,4,medical,2,1
79,15,7,personal,5,0
62,6,1,personal,4,0
71,10,6,medical,4,0
84,6,3,emergency,0,1
87,5,5,personal,5,0
66,14,2,medical,5,0
91,6,5,emergency,4,1
73,3,3,medical,1,1
81,5,4,medical,2,1
69,4,5,medical,4,0
87,9,2,emergency,5,1
60,13,7,personal,3,0
91,8,5,medical,5,1
88,4,6,emergency,1,1
70,15,1,medical,4,0
76,12,3,emergency,2,0
66,3,4,medical,0,0
68,1,4,personal,0,0
84,5,1,emergency,0,1
88,4,4,emergency,0,1
72,6,6,personal,0,0
81,8,2,personal,3,0
85,12,2,personal,4,0
72,10,6,emergency,3,0
75,9,5,medical,1,1
67,2,4,emergency,4,0
80,11,1,medical,0,1
60,1,7,personal,4,0
100,1,5,emergency,0,1
90,12,3,emergency,4,0
75,15,5,personal,2,0
90,4,4,emergency,2,1
71,12,3,medical,2,0
79,4,1,personal,3,0
74,12,2,emergency,2,0
86,14,6,personal,3,0
81,10,6,personal,1,1
73,6,5,medical,5,0
89,13,3,emergency,2,1
66,14,3,emergency,3,0
95,5,6,personal,4,1
61,6,4,emergency,5,0
96,4,6,personal,4,1
86,10,4,medical,5,1
80,1,6,medical,0,1
63,10,7,medical,2,0
69,6,3,medical,2,0
88,15,3,emergency,1,1
95,5,2,medical,3,1
86,5,5,emergency,5,1
75,3,6,medical,3,1
84,15,4,personal,1,0
83,14,5,emergency,1,1
91,11,3,medical,2,1
79,12,2,medical,5,0
78,2,3,emergency,3,0
86,5,3,personal,1,1
61,15,3,medical,0,0
76,14,4,personal,0,0
89,2,3,emergency,0,1
99,0,6,emergency,0,1
90,12,4,medical,5,0
81,11,7,emergency,3,0
82,8,5,medical,3,1
88,2,7,emergency,2,1
61,4,7,medical,1,0
69,7,7,medical,0,1
81,2,2,emergency,5,1
100,10,7,emergency,0,1
68,6,6,medical,1,0
60,13,7,emergency,1,0
84,10,6,emergency,1,1
91,5,4,personal,5,1
63,14,2,emergency,0,0
76,4,5,emergency,1,1
64,6,2,personal,1,0
97,9,5,personal,4,1
76,11,6,medical,4,0
76,9,7,medical,0,1
63,13,1,emergency,5,0
65,10,5,personal,5,0
64,8,6,personal,3,0
83,15,3,personal,2,0
74,5,1,emergency,2,1
80,12,4,personal,3,0
84,13,1,medical,2,1
69,12,3,medical,3,0
71,4,5,medical,1,1
69,8,3,medical,0,1
95,8,2,medical,3,1
87,5,4,emergency,0,1
80,15,5,personal,1,0
73,13,4,medical,2,0
79,13,5,medical,4,0
83,4,3,emergency,3,1
86,7,2,personal,5,0
80,15,7,personal,4,0
72,4,3,emergency,4,1
97,7,7,medical,3,1
80,3,4,medical,4,0
89,8,1,personal,3,0
77,4,3,medical,3,1
80,11,7,emergency,3,0
80,15,3,emergency,4,0
72,3,3,emergency,0,1
92,9,2,personal,3,0
79,8,2,medical,2,1
86,2,3,personal,1,1
70,14,7,personal,0,0
72,14,3,medical,4,0
67,1,7,personal,4,0
84,0,6,personal,5,0
99,1,6,personal,2,1
92,1,6,emergency,5,1
64,4,2,medical,4,0
65,11,3,personal,0,0
91,12,5,medical,4,1
69,2,7,medical,3,0
76,7,2,medical,5,1
74,15,1,medical,1,0
68,10,3,personal,5,1
78,15,1,emergency,5,0
62,6,5,medical,1,0
82,2,5,personal,4,1
73,4,5,medical,5,1
95,11,5,personal,1,0
76,10,2,personal,2,0
88,0,4,emergency,5,1
73,5,1,medical,3,0
73,6,7,emergency,5,0
73,9,3,personal,0,1
76,6,5,medical,2,1
81,6,4,emergency,3,1
85,5,4,personal,4,0
75,2,5,medical,0,1
60,8,1,personal,3,0
70,3,1,personal,1,0
83,2,3,personal,5,0
67,9,2,personal,3,0
73,3,6,emergency,5,0
90,5,1,medical,0,1
97,8,3,medical,5,1
69,6,1,personal,5,0
87,14,4,medical,0,1
64,8,6,personal,5,0
61,8,7,medical,1,0
62,13,5,emergency,3,0
63,9,3,medical,4,0
94,5,3,emergency,2,1
80,11,4,medical,4,0
82,9,2,emergency,3,1
87,2,5,personal,1,1
89,14,7,emergency,5,1
92,4,5,personal,4,1
96,4,7,medical,5,1
67,1,5,medical,4,0
70,7,6,emergency,2,0
83,12,5,emergency,3,0
86,3,2,emergency,5,1
72,0,7,emergency,0,1
79,7,7,personal,2,0
66,6,1,medical,0,1
64,2,3,personal,0,0
85,0,6,emergency,2,1
79,13,5,emergency,3,0
91,1,4,personal,2,1
84,3,4,emergency,4,1
91,0,4,medical,3,1
76,2,1,medical,5,1
66,14,4,emergency,2,0
62,10,3,emergency,5,0
86,3,1,emergency,1,1
61,14,1,emergency,1,0
84,1,3,emergency,0,1
88,9,7,medical,0,1
67,4,7,medical,1,0
84,5,7,personal,0,1
97,15,2,emergency,3,1
67,3,2,medical,1,0
96,0,4,personal,2,1
93,11,6,emergency,0,1
87,13,1,medical,0,1
82,15,4,emergency,1,0
67,0,2,medical,4,0
94,11,5,personal,3,0
71,13,1,emergency,0,1
68,12,1,personal,0,1
93,8,5,emergency,0,1
80,7,7,personal,1,0
90,6,1,medical,3,1
64,4,6,medical,4,0
90,2,5,medical,1,1
100,11,2,personal,3,0
80,12,1,medical,5,0
88,7,6,medical,3,0
86,5,2,emergency,4,1
87,0,4,medical,4,1
69,1,3,personal,3,0
81,9,7,emergency,4,0
90,15,4,emergency,4,0
98,4,4,personal,0,1
94,2,3,emergency,2,1
98,7,3,personal,1,1
79,6,7,personal,4,0
98,13,6,emergency,1,1
68,9,2,emergency,5,0
80,6,7,personal,4,0
78,7,2,emergency,5,0
91,11,2,personal,3,0
89,10,2,personal,4,1
84,12,1,medical,1,1
91,14,5,emergency,2,1
77,1,4,emergency,3,0
84,10,1,medical,1,1
63,1,7,medical,2,0
68,3,6,emergency,3,0
96,1,1,medical,2,1
78,13,2,medical,1,0
77,11,7,medical,1,0
74,5,7,personal,1,1
70,2,5,emergency,4,0
91,3,1,medical,3,1
70,5,2,personal,0,0
87,12,4,medical,1,1
88,14,2,emergency,3,0
61,8,2,emergency,3,0
81,10,1,personal,4,0
98,6,3,medical,5,1
84,5,7,personal,1,1
77,7,6,personal,1,0
61,7,6,emergency,0,0
84,11,3,personal,0,0
87,2,4,personal,2,1
76,15,2,medical,1,0
98,6,7,medical,3,1
65,5,1,emergency,5,0
93,8,4,medical,2,1
71,7,4,personal,1,0
65,1,5,emergency,5,0
87,5,2,medical,1,1
66,8,7,medical,4,0
83,5,2,emergency,1,1
70,8,5,medical,4,0
68,5,1,personal,1,0
98,11,5,personal,3,0
67,7,2,emergency,4,0
84,4,1,personal,3,0
85,12,5,personal,5,0
98,12,7,personal,4,0
91,4,7,medical,1,1
79,3,5,personal,3,0
80,15,2,medical,1,0
69,14,7,emergency,5,0
85,7,2,medical,1,1
85,14,6,personal,2,0
86,1,2,medical,5,1
63,11,4,personal,5,0
78,11,7,emergency,4,0
90,2,3,personal,1,1
60,3,2,emergency,5,0
92,6,6,emergency,2,1
99,14,3,emergency,2,1
93,3,4,personal,3,1
95,2,2,personal,2,1
100,8,2,medical,1,1
85,7,1,medical,2,1
86,6,4,medical,3,1
73,0,1,medical,0,1
64,7,4,medical,5,0
89,10,5,emergency,2,1
76,10,6,emergency,2,0
97,8,7,emergency,1,1
90,8,3,emergency,2,1
85,1,5,personal,2,1
74,7,2,personal,1,0
92,11,4,emergency,3,0
65,7,2,emergency,3,0
80,1,4,personal,3,0
61,10,3,medical,2,0
91,12,5,medical,3,1
75,5,3,medical,4,0
65,3,1,medical,5,0
91,2,7,emergency,5,1
90,5,1,medical,2,1
82,2,1,medical,2,1
97,2,1,emergency,0,1
70,12,7,personal,0,0
93,2,7,emergency,2,1
76,5,6,emergency,4,0
78,1,4,personal,5,0
88,11,5,personal,2,0
86,7,7,personal,5,0
69,4,1,medical,0,1
66,14,2,medical,5,0
80,7,6,personal,3,0
95,9,6,medical,3,1
85,6,3,medical,0,1
76,12,2,personal,3,0
80,14,2,personal,5,0
80,5,1,medical,2,1
81,4,1,medical,1,1
77,6,6,medical,3,1
83,10,7,emergency,2,1
92,6,2,medical,2,1
92,8,5,personal,4,0
99,6,4,emergency,0,1
95,9,5,personal,0,1
97,2,4,personal,3,1
74,10,7,emergency,1,0
62,7,6,emergency,2,1
74,1,2,personal,1,0
64,8,5,emergency,3,0
100,9,7,emergency,5,1
73,9,7,medical,1,0
81,5,5,emergency,1,1
81,7,4,medical,0,1
76,5,6,personal,5,0
87,6,6,medical,2,1
79,2,1,medical,0,1
75,2,7,personal,1,0
67,14,5,medical,3,0
65,11,7,medical,2,0
94,8,6,medical,4,1
65,2,2,medical,2,0
94,6,4,emergency,2,1
87,3,7,emergency,3,1
100,15,7,emergency,5,0
74,15,5,personal,3,0
62,1,4,medical,0,1
83,10,4,emergency,0,1
65,4,7,medical,4,0
97,4,4,personal,4,1
81,3,5,medical,5,1
87,9,1,medical,0,1
68,8,7,personal,1,0
64,11,1,personal,2,0
61,9,3,medical,5,0
93,3,3,medical,0,1
80,3,2,emergency,1,1
63,8,3,emergency,4,0
95,9,5,emergency,2,1
62,9,4,medical,5,0
68,2,1,emergency,0,0
90,11,4,emergency,0,1
95,7,1,personal,1,1
66,0,4,medical,5,0
92,7,4,medical,5,1
72,15,5,medical,0,0
84,6,7,emergency,2,1
97,13,5,personal,2,0
67,13,3,emergency,4,0
85,6,6,personal,5,0
97,3,6,medical,1,1
75,1,6,medical,5,0
77,3,5,medical,5,1
60,13,1,personal,1,0
67,11,3,personal,3,0
88,6,7,emergency,1,1
75,15,4,personal,3,1
89,5,1,medical,5,1
86,3,3,medical,2,1
60,15,7,emergency,0,0
74,14,2,emergency,2,0
77,5,4,medical,3,1
75,15,4,medical,4,0
67,8,6,personal,4,0
93,9,6,personal,0,1
66,7,3,personal,1,0
95,5,6,personal,4,1
80,13,5,personal,0,0
79,13,3,emergency,2,0
98,11,1,personal,3,0
80,1,7,personal,2,0
81,15,2,personal,4,0
96,4,2,personal,0,1
64,3,6,emergency,3,0
73,6,3,medical,0,1
86,3,3,emergency,4,1
65,10,2,emergency,0,0
98,7,1,personal,5,1
60,15,7,medical,3,0
92,7,5,personal,0,1
82,14,5,emergency,1,1
100,0,6,personal,1,1
62,5,2,medical,1,0
88,7,5,medical,0,1
73,11,6,personal,5,0
70,15,4,medical,1,0
86,3,1,medical,1,1
87,7,6,medical,2,1
93,10,4,medical,4,1
88,13,2,emergency,3,0
73,0,2,personal,2,0
65,3,7,emergency,1,0
94,3,5,personal,3,1
68,1,5,medical,4,0
75,1,5,emergency,4,0
95,2,3,emergency,4,1
95,4,7,medical,0,1
73,4,7,medical,5,0
99,14,1,personal,5,1
80,14,2,emergency,2,0
62,0,7,medical,5,0
61,2,3,medical,5,0
65,6,4,medical,3,0
83,1,7,emergency,5,1
69,11,3,personal,5,0
78,9,3,medical,0,1
96,15,3,personal,4,1
71,9,5,emergency,0,1
92,13,4,medical,0,1
76,7,4,personal,5,0
93,8,5,medical,3,1
86,4,7,personal,4,0
63,11,3,medical,4,0
62,15,1,personal,1,0
99,14,5,personal,0,1
93,5,2,medical,0,1
67,12,3,emergency,0,0
60,8,6,emergency,2,0
95,15,4,medical,4,1
72,2,4,personal,1,1
85,9,6,medical,4,0
79,13,3,medical,0,1
68,11,6,emergency,4,0
76,2,4,medical,3,0
84,5,3,personal,2,1
85,7,6,emergency,2,1
78,6,7,emergency,0,1
79,13,7,personal,2,0
93,0,7,medical,5,1
92,5,7,personal,2,1
99,1,6,emergency,2,1
63,9,2,medical,1,0
82,6,7,emergency,2,1
67,12,6,medical,1,0
98,14,5,personal,5,1
63,6,2,emergency,0,1
73,4,4,emergency,2,1
86,1,6,medical,0,1
92,15,7,personal,3,0
86,0,1,medical,1,1
61,3,3,personal,0,0
93,0,2,emergency,3,1
91,8,6,personal,4,0
86,0,5,emergency,1,1
82,4,1,medical,2,1
93,9,1,emergency,2,1
90,10,7,medical,4,0
72,5,7,emergency,1,0
92,4,1,medical,3,1
64,2,3,medical,5,0
68,13,6,medical,2,0
81,7,4,personal,3,0
62,3,1,emergency,1,0
62,6,7,medical,4,0
85,2,7,medical,3,1
80,6,1,medical,1,1
63,13,5,emergency,1,0
100,15,4,emergency,5,1
93,8,3,emergency,0,1
95,0,7,emergency,3,1
75,15,7,emergency,4,0
86,1,2,medical,5,1
63,3,6,personal,3,1
63,11,5,emergency,5,0
96,5,1,emergency,3,1
70,12,7,emergency,5,0
86,12,7,emergency,2,0
98,14,1,emergency,2,1
97,12,6,emergency,1,1
78,0,7,emergency,2,0
72,5,2,medical,1,1
74,9,7,medical,3,0
63,13,5,emergency,0,0
85,3,4,personal,0,1
73,9,5,emergency,1,1
98,11,6,medical,4,1
61,9,7,medical,2,0
67,4,6,emergency,4,0
69,12,5,personal,4,0
77,2,7,emergency,3,0
100,2,7,medical,0,1
66,4,7,medical,4,0
67,8,7,medical,2,0
97,9,7,emergency,2,1
61,5,4,medical,0,0
87,12,4,medical,0,1
84,6,1,medical,5,1
61,1,1,personal,4,0
65,9,6,emergency,0,0
89,13,7,medical,5,0
88,13,6,medical,0,1
77,8,1,personal,3,0
70,1,6,personal,1,0
86,4,5,medical,2,1
91,15,4,medical,1,1
64,8,1,personal,4,0
72,6,2,personal,1,1
80,11,6,medical,1,0
66,14,5,medical,3,0
70,3,1,emergency,1,1
87,7,7,emergency,5,0
94,11,4,medical,1,1
94,9,3,personal,4,1
97,10,1,medical,3,1
66,13,3,personal,0,0
76,3,4,personal,4,0
89,15,6,emergency,1,1
70,2,4,emergency,4,0
72,8,5,personal,1,0
91,14,2,personal,1,1
67,5,5,emergency,2,0
96,14,6,medical,3,1
100,13,4,emergency,0,1
85,15,2,personal,4,0
60,11,7,medical,3,0
70,5,2,emergency,2,0
85,11,1,personal,4,0
76,12,5,medical,5,0
71,2,5,medical,2,1
98,1,5,emergency,4,1
87,9,7,emergency,0,1
62,10,7,medical,4,0
94,13,6,emergency,5,0
78,4,3,emergency,2,1
95,2,6,medical,2,1
92,14,7,medical,5,1
71,7,5,personal,3,0
71,0,5,personal,2,1
99,2,6,emergency,5,1
94,15,4,emergency,1,1
87,15,6,medical,1,1
91,1,7,emergency,4,1
85,5,6,emergency,1,1
61,11,7,personal,3,0
89,1,1,emergency,0,1
71,10,7,personal,2,0
85,14,5,personal,1,0
99,9,2,emergency,1,1
94,8,7,personal,1,1
96,3,3,personal,1,1
80,5,5,personal,5,0
81,12,2,emergency,1,1
74,10,5,emergency,5,0
92,3,5,emergency,3,1
91,8,4,emergency,2,1
91,9,7,personal,1,1
99,3,6,emergency,4,1
90,15,2,medical,1,1
97,7,3,medical,0,1
79,2,3,personal,3,0
72,3,2,emergency,1,1
86,15,6,emergency,0,1
80,1,1,emergency,2,1
66,9,7,medical,0,0
84,3,6,emergency,4,1
68,15,1,personal,2,0
93,11,4,medical,1,1
87,13,1,personal,4,0
88,14,3,personal,1,0
92,10,6,emergency,2,1
97,13,3,personal,5,0
92,4,3,emergency,0,1
87,10,1,medical,0,1
79,11,6,medical,4,0
75,4,6,medical,2,1
60,10,3,personal,0,0
87,5,6,medical,2,1
93,12,4,emergency,4,0
91,7,4,personal,5,0
78,13,2,emergency,0,0
70,11,3,medical,0,0
71,3,6,medical,1,1
98,4,7,emergency,0,1
63,12,6,medical,0,0
91,5,2,emergency,4,1
70,15,4,emergency,5,0
71,11,4,personal,2,0
95,8,4,medical,3,1
62,10,2,emergency,0,0
89,12,6,emergency,1,0
95,5,6,personal,0,1
89,6,2,personal,5,0
97,5,7,medical,2,1
96,6,6,personal,1,1
80,2,6,personal,1,1
70,10,6,personal,5,0
94,6,3,emergency,2,1
89,15,2,medical,3,0
96,10,3,personal,4,1
99,3,2,personal,4,1
88,0,2,emergency,1,1
81,7,6,emergency,3,0
67,6,4,emergency,2,0
93,7,2,medical,0,1
66,4,7,personal,3,0
63,6,2,medical,0,1
98,14,5,emergency,4,0
73,11,6,emergency,2,0
85,1,7,medical,1,1
75,12,6,medical,4,0
67,14,1,personal,1,0
96,2,1,medical,5,1
97,11,6,medical,0,1
92,6,1,emergency,1,1
90,2,2,emergency,4,1
67,4,4,medical,5,0
73,5,1,emergency,5,0
68,1,1,emergency,5,0
84,12,1,medical,1,1
62,14,2,emergency,2,0
88,7,2,emergency,5,1
96,6,4,personal,2,1
71,14,6,emergency,2,0
78,5,1,medical,2,1
85,4,3,medical,4,1
69,9,4,medical,0,0
83,11,6,personal,0,0
60,6,6,emergency,4,0
97,15,7,medical,0,1
69,8,2,personal,2,0
84,9,7,medical,1,1
64,4,1,medical,3,0
83,5,4,medical,4,1
98,1,4,emergency,5,1
97,0,4,medical,1,1
66,10,3,personal,1,0
60,7,6,emergency,2,0
61,11,4,personal,4,0
83,13,7,personal,4,0
82,11,3,personal,1,1
66,4,7,personal,3,0
95,1,7,medical,4,1
86,7,1,personal,3,0
91,5,4,emergency,0,1
83,14,1,medical,4,0
81,1,4,medical,1,1
66,7,1,personal,5,0
63,9,3,emergency,2,0
85,5,1,emergency,1,1
71,11,5,emergency,5,0
87,8,4,medical,1,1
72,6,5,personal,1,0
88,8,7,personal,3,0
82,2,5,medical,1,1
62,1,3,personal,3,0
81,0,7,medical,0,1
89,3,3,medical,0,1
75,2,7,emergency,4,0
100,8,5,medical,2,1
64,10,7,medical,0,0
62,9,6,emergency,3,0
98,15,6,medical,5,0
88,3,7,personal,3,0
66,13,4,medical,1,0
63,15,4,emergency,2,0
80,13,2,medical,5,0
97,9,5,emergency,0,1
60,2,6,personal,1,0
68,0,2,personal,0,0
94,5,1,medical,3,1
61,8,1,emergency,0,0
99,14,2,medical,0,1
94,9,6,emergency,0,1
94,12,3,personal,4,0
88,11,5,emergency,5,0
88,11,4,medical,4,0
76,1,4,personal,2,1
71,6,4,emergency,0,1
65,5,5,personal,5,0
70,13,5,emergency,1,0
97,15,6,emergency,0,1
74,3,3,medical,4,1
62,15,5,emergency,1,0
95,7,3,emergency,3,1
89,12,2,personal,5,0
86,9,7,emergency,3,0
76,13,1,personal,3,0
88,0,2,emergency,2,1
82,7,7,emergency,3,0
60,7,3,emergency,3,0
99,1,4,medical,2,1
93,14,5,emergency,0,1
64,2,3,medical,1,1
75,11,6,emergency,5,0
73,13,1,medical,1,0
60,10,2,medical,0,0
92,3,4,personal,5,1
77,9,4,medical,2,1
80,1,7,medical,5,1
96,13,4,medical,3,1
64,4,6,personal,4,0
100,1,5,emergency,5,1
95,4,1,personal,0,1
66,7,7,personal,4,0
84,8,5,personal,4,0
75,12,6,emergency,4,0
84,9,6,medical,2,1
80,1,1,medical,4,1
71,1,7,emergency,3,0
84,1,3,medical,0,1
63,7,7,emergency,4,0
85,6,4,personal,1,1
68,3,5,emergency,2,0
84,15,1,medical,0,1
79,4,3,emergency,4,1
84,12,6,personal,5,0
87,15,4,medical,2,1
60,9,3,personal,2,0
94,0,5,personal,2,1
72,0,4,medical,1,1
85,12,7,medical,5,0
78,1,1,personal,5,0
74,1,1,emergency,5,0
67,5,2,personal,1,0
87,15,6,emergency,3,0
80,2,4,medical,0,1
66,2,3,emergency,2,0
84,1,1,emergency,0,1
85,15,6,personal,4,0
71,11,4,medical,2,0
86,8,7,medical,5,1
67,5,1,medical,4,0
90,10,2,personal,2,1
94,1,4,emergency,2,1
83,8,5,medical,2,1
74,10,3,personal,2,0
87,8,3,emergency,2,1
69,6,7,medical,0,1
88,9,7,emergency,4,0
91,2,4,personal,3,1
78,5,4,medical,0,1
94,12,6,medical,0,1
60,1,7,medical,4,0
62,8,3,emergency,5,0
74,10,6,emergency,4,0
74,10,7,medical,2,0
100,3,5,medical,5,1
92,9,5,medical,3,1
76,8,6,personal,2,0
94,6,7,emergency,2,1
99,6,4,emergency,4,1
80,7,6,emergency,0,0
92,8,7,emergency,5,1
97,13,5,emergency,4,0
98,1,3,personal,3,1
90,3,3,personal,5,0
62,2,7,emergency,4,0
76,5,3,medical,1,1
97,14,2,emergency,1,1
69,3,6,emergency,4,0
70,6,2,emergency,4,0
95,6,2,medical,0,1
71,7,2,medical,0,1
89,13,4,medical,0,1
100,15,6,personal,0,1
78,6,3,personal,0,1
75,9,3,emergency,1,1
92,1,7,personal,2,1
95,4,2,personal,2,1
80,3,1,medical,1,1
89,12,2,medical,2,1
81,12,4,medical,2,1
87,13,6,personal,3,0
85,11,3,medical,5,1
74,9,1,personal,4,0
97,8,7,emergency,3,1
83,6,4,personal,4,0
84,12,2,personal,4,1
74,13,5,emergency,4,0
90,15,7,emergency,0,1
97,13,2,personal,3,0
84,0,6,emergency,1,1
68,13,6,personal,3,0
96,5,4,medical,2,1
60,11,2,medical,3,0
67,14,4,personal,2,0
68,15,3,personal,4,0
94,4,3,medical,4,1
68,13,3,medical,1,0
81,2,4,medical,5,1
76,11,3,medical,0,1
78,11,4,medical,2,0
60,4,2,personal,3,0
61,1,1,emergency,3,0
81,13,3,medical,3,1
77,15,2,emergency,1,0
77,0,1,medical,3,1
93,5,2,emergency,2,1
68,13,1,personal,4,0
83,0,4,medical,0,1
63,2,1,emergency,2,0
89,3,7,emergency,0,1
62,11,2,personal,0,0
62,1,4,medical,3,0
60,15,3,emergency,5,0
79,10,6,personal,1,0
96,14,4,emergency,4,0
86,11,2,emergency,2,1
67,13,7,emergency,0,0
92,4,4,medical,2,1
64,1,3,personal,0,0
99,12,2,emergency,1,1
73,11,4,personal,4,0
81,4,4,emergency,0,1
94,13,1,emergency,3,1
74,8,3,emergency,4,0
71,10,7,medical,3,0
100,9,4,medical,4,1
88,14,3,emergency,0,1
81,11,1,personal,3,0
60,1,5,personal,2,0
79,0,6,emergency,0,1
65,3,4,emergency,3,0
61,4,3,personal,5,0
63,5,2,emergency,0,0
74,10,7,personal,5,0
60,2,6,medical,1,0
96,11,7,medical,0,1
63,2,3,medical,2,0
71,11,7,emergency,5,0
100,10,1,personal,2,1
66,14,6,medical,1,0
82,11,6,medical,1,1
63,0,4,personal,5,0
60,6,6,emergency,0,0
